{
  "number_of_cells_control": 52,
  "number_of_cells_perturb": 34,
  "records": [
    {
      "feature": "Texture_InverseDifferenceMoment_Tubulin_5_02_256",
      "n_control": 52,
      "n_perturb": 34,
      "median_control": 0.07985032075425155,
      "median_perturb": 0.059216054107403646,
      "mad_control": 0.00983485597030865,
      "mad_perturb": 0.006555036765463398,
      "p10_control": 0.06134867150617777,
      "p25_control": 0.07192812744416748,
      "p50_control": 0.07985032075425155,
      "p75_control": 0.09053130809394189,
      "p90_control": 0.10097473664903008,
      "p10_perturb": 0.05072386326766113,
      "p25_perturb": 0.055324858154947476,
      "p50_perturb": 0.059216054107403646,
      "p75_perturb": 0.06774702634593925,
      "p90_perturb": 0.08322064021778515,
      "delta_median": -0.020634266646847907,
      "bootstrap_ci_lower": -0.02683869886615165,
      "bootstrap_ci_upper": -0.012335187657961452,
      "cliffs_delta": 0.6323529411764706,
      "p_value": 8.096707136843901e-07,
      "rank": 1,
      "q_value": 1.2954731418950242e-05,
      "direction": "decrease",
      "abs_cd": 0.6323529411764706
    },
    {
      "feature": "Texture_AngularSecondMoment_Tubulin_3_03_256",
      "n_control": 52,
      "n_perturb": 34,
      "median_control": 0.0007151933190147,
      "median_perturb": 0.00043235770759425,
      "mad_control": 0.00020059383194925,
      "mad_perturb": 0.00010617335203245003,
      "p10_control": 0.00039578369142022,
      "p25_control": 0.000593190025529225,
      "p50_control": 0.0007151933190147,
      "p75_control": 0.000980976659240225,
      "p90_control": 0.0020507178978096995,
      "p10_perturb": 0.00030037472953362,
      "p25_perturb": 0.000345039527873425,
      "p50_perturb": 0.00043235770759425,
      "p75_perturb": 0.000600317969688625,
      "p90_perturb": 0.00076071016509899,
      "delta_median": -0.00028283561142045,
      "bootstrap_ci_lower": -0.0004613346268453488,
      "bootstrap_ci_upper": -0.00018691128581094766,
      "cliffs_delta": 0.5871040723981901,
      "p_value": 4.656058435277977e-06,
      "rank": 2,
      "q_value": 3.7248467482223816e-05,
      "direction": "decrease",
      "abs_cd": 0.5871040723981901
    },
    {
      "feature": "Texture_Contrast_Tubulin_5_02_256",
      "n_control": 52,
      "n_perturb": 34,
      "median_control": 356.4183102915822,
      "median_perturb": 584.6714872593375,
      "mad_control": 73.09270389346875,
      "mad_perturb": 176.26081097728076,
      "p10_control": 247.92690989068325,
      "p25_control": 304.0136190016981,
      "p50_control": 356.4183102915822,
      "p75_control": 496.90019908124134,
      "p90_control": 689.0444370763336,
      "p10_perturb": 338.53282200746526,
      "p25_perturb": 439.1423530807299,
      "p50_perturb": 584.6714872593375,
      "p75_perturb": 848.7483893528895,
      "p90_perturb": 1016.4493763131936,
      "delta_median": 228.25317696775528,
      "bootstrap_ci_lower": 143.87834852270493,
      "bootstrap_ci_upper": 349.6053065619123,
      "cliffs_delta": -0.5384615384615384,
      "p_value": 2.6701649430544417e-05,
      "rank": 3,
      "q_value": 0.00014240879696290356,
      "direction": "increase",
      "abs_cd": 0.5384615384615384
    },
    {
      "feature": "Texture_DifferenceEntropy_Tubulin_7_03_256",
      "n_control": 52,
      "n_perturb": 34,
      "median_control": 5.657063960555242,
      "median_perturb": 5.994351893985517,
      "mad_control": 0.20306631218130722,
      "mad_perturb": 0.2677586495448683,
      "p10_control": 5.2140743062697394,
      "p25_control": 5.520544801478831,
      "p50_control": 5.657063960555242,
      "p75_control": 5.8701067448966375,
      "p90_control": 6.156125576816604,
      "p10_perturb": 5.5464651363056285,
      "p25_perturb": 5.800023339191927,
      "p50_perturb": 5.994351893985517,
      "p75_perturb": 6.2858750493987365,
      "p90_perturb": 6.491420670385335,
      "delta_median": 0.3372879334302743,
      "bootstrap_ci_lower": 0.1446582092823588,
      "bootstrap_ci_upper": 0.48277738536226644,
      "cliffs_delta": -0.48755656108597284,
      "p_value": 0.00014327466906811207,
      "rank": 4,
      "q_value": 0.0005730986762724483,
      "direction": "increase",
      "abs_cd": 0.48755656108597284
    },
    {
      "feature": "Neighbors_NumberOfNeighbors_50",
      "n_control": 52,
      "n_perturb": 34,
      "median_control": 8.0,
      "median_perturb": 6.0,
      "mad_control": 3.0,
      "mad_perturb": 1.0,
      "p10_control": 3.1000000000000005,
      "p25_control": 5.0,
      "p50_control": 8.0,
      "p75_control": 10.0,
      "p90_control": 12.899999999999999,
      "p10_perturb": 2.0,
      "p25_perturb": 3.25,
      "p50_perturb": 6.0,
      "p75_perturb": 7.0,
      "p90_perturb": 7.0,
      "delta_median": -2.0,
      "bootstrap_ci_lower": -4.0,
      "bootstrap_ci_upper": -0.5,
      "cliffs_delta": 0.46097285067873306,
      "p_value": 0.0003041159765656678,
      "rank": 5,
      "q_value": 0.0009731711250101369,
      "direction": "decrease",
      "abs_cd": 0.46097285067873306
    },
    {
      "feature": "Texture_Entropy_Tubulin_7_02_256",
      "n_control": 52,
      "n_perturb": 34,
      "median_control": 11.103539320915921,
      "median_perturb": 11.537016693149472,
      "mad_control": 0.37862699933813815,
      "mad_perturb": 0.3777993436789746,
      "p10_control": 9.719550282160531,
      "p25_control": 10.637508336045354,
      "p50_control": 11.103539320915921,
      "p75_control": 11.419854889022949,
      "p90_control": 11.735481533807539,
      "p10_perturb": 10.517432781242402,
      "p25_perturb": 11.04988605370331,
      "p50_perturb": 11.537016693149472,
      "p75_perturb": 11.845937125303264,
      "p90_perturb": 12.050736357969623,
      "delta_median": 0.43347737223355054,
      "bootstrap_ci_lower": 0.07092858579373718,
      "bootstrap_ci_upper": 0.7422844150940601,
      "cliffs_delta": -0.36425339366515835,
      "p_value": 0.0045157475837766265,
      "rank": 6,
      "q_value": 0.01204199355673767,
      "direction": "increase",
      "abs_cd": 0.36425339366515835
    },
    {
      "feature": "Texture_SumEntropy_Tubulin_5_01_256",
      "n_control": 52,
      "n_perturb": 34,
      "median_control": 7.272309113325098,
      "median_perturb": 7.562504501713191,
      "mad_control": 0.39956386137994615,
      "mad_perturb": 0.2742293768525319,
      "p10_control": 6.57201874926233,
      "p25_control": 6.884031265927573,
      "p50_control": 7.272309113325098,
      "p75_control": 7.67218784367243,
      "p90_control": 7.836925291592605,
      "p10_perturb": 6.991060525950588,
      "p25_perturb": 7.213883355034067,
      "p50_perturb": 7.562504501713191,
      "p75_perturb": 7.795078039764428,
      "p90_perturb": 7.932986441927438,
      "delta_median": 0.290195388388093,
      "bootstrap_ci_lower": 0.051859840496423094,
      "bootstrap_ci_upper": 0.5262706654690338,
      "cliffs_delta": -0.29411764705882354,
      "p_value": 0.021901801613480796,
      "rank": 7,
      "q_value": 0.05006126083081325,
      "direction": "increase",
      "abs_cd": 0.29411764705882354
    },
    {
      "feature": "Texture_Variance_Tubulin_5_03_256",
      "n_control": 52,
      "n_perturb": 34,
      "median_control": 682.3129442754293,
      "median_perturb": 1006.188443593875,
      "mad_control": 342.8902371485808,
      "mad_perturb": 340.73724308823034,
      "p10_control": 286.5275756101159,
      "p25_control": 402.9905241992876,
      "p50_control": 682.3129442754293,
      "p75_control": 1078.0911667738967,
      "p90_control": 1552.6166581050948,
      "p10_perturb": 476.68565065600563,
      "p25_perturb": 630.0646988199522,
      "p50_perturb": 1006.188443593875,
      "p75_perturb": 1302.1102949003953,
      "p90_perturb": 1605.0098042124532,
      "delta_median": 323.8754993184457,
      "bootstrap_ci_lower": -17.710894232052397,