{
  "number_of_cells_control": 41,
  "number_of_cells_perturb": 24,
  "records": [
    {
      "feature": "Texture_SumEntropy_DNA_5_02_256",
      "n_control": 41,
      "n_perturb": 24,
      "median_control": 6.292629396901639,
      "median_perturb": 7.110589735336873,
      "mad_control": 0.3383878813500134,
      "mad_perturb": 0.41061867772346616,
      "p10_control": 5.523973112558291,
      "p25_control": 5.933649398632831,
      "p50_control": 6.292629396901639,
      "p75_control": 6.624114616428171,
      "p90_control": 6.830301847882923,
      "p10_perturb": 6.299721775626112,
      "p25_perturb": 6.49271841416075,
      "p50_perturb": 7.110589735336873,
      "p75_perturb": 7.387103295122214,
      "p90_perturb": 7.5842319114605505,
      "delta_median": 0.8179603384352339,
      "bootstrap_ci_lower": 0.36266246896128046,
      "bootstrap_ci_upper": 1.1865106885016434,
      "cliffs_delta": -0.6890243902439024,
      "p_value": 4.19878649615326e-06,
      "rank": 1,
      "q_value": 8.397572992306521e-05,
      "direction": "increase",
      "abs_cd": 0.6890243902439024
    },
    {
      "feature": "Texture_Entropy_DNA_5_02_256",
      "n_control": 41,
      "n_perturb": 24,
      "median_control": 9.25340856086541,
      "median_perturb": 10.098689739998587,
      "mad_control": 0.5677876287583423,
      "mad_perturb": 0.3520315003399972,
      "p10_control": 8.21998525863971,
      "p25_control": 8.729670406118785,
      "p50_control": 9.25340856086541,
      "p75_control": 9.821196189623752,
      "p90_control": 10.222960705162228,
      "p10_perturb": 9.549274095305801,
      "p25_perturb": 9.739129538839073,
      "p50_perturb": 10.098689739998587,
      "p75_perturb": 10.423349938335996,
      "p90_perturb": 10.762729070057127,
      "delta_median": 0.8452811791331776,
      "bootstrap_ci_lower": 0.5311467344853842,
      "bootstrap_ci_upper": 1.242168829542036,
      "cliffs_delta": -0.6605691056910569,
      "p_value": 1.0290035498863892e-05,
      "rank": 2,
      "q_value": 9.369096248268263e-05,
      "direction": "increase",
      "abs_cd": 0.6605691056910569
    },
    {
      "feature": "Texture_DifferenceEntropy_DNA_5_02_256",
      "n_control": 41,
      "n_perturb": 24,
      "median_control": 4.690773045760436,
      "median_perturb": 5.469442304898842,
      "mad_control": 0.36267787310608046,
      "mad_perturb": 0.3831555483830633,
      "p10_control": 4.205884621898837,
      "p25_control": 4.513714660719478,
      "p50_control": 4.690773045760436,
      "p75_control": 5.13273125214159,
      "p90_control": 5.433770161794161,
      "p10_perturb": 4.905503962353283,
      "p25_perturb": 5.1061897390197934,
      "p50_perturb": 5.469442304898842,
      "p75_perturb": 5.900286987327054,
      "p90_perturb": 6.112968034796781,
      "delta_median": 0.7786692591384057,
      "bootstrap_ci_lower": 0.25258528535820446,
      "bootstrap_ci_upper": 1.1739103441088865,
      "cliffs_delta": -0.6504065040650406,
      "p_value": 1.4053644372402393e-05,
      "rank": 3,
      "q_value": 9.369096248268263e-05,
      "direction": "increase",
      "abs_cd": 0.6504065040650406
    },
    {
      "feature": "Texture_Contrast_DNA_5_02_256",
      "n_control": 41,
      "n_perturb": 24,
      "median_control": 188.169014084507,
      "median_perturb": 524.4189912303536,
      "mad_control": 79.04856590523531,
      "mad_perturb": 291.62208433640603,
      "p10_control": 84.43283582089552,
      "p25_control": 133.02181818181816,
      "p50_control": 188.169014084507,
      "p75_control": 317.9408352668213,
      "p90_control": 539.4503990877993,
      "p10_perturb": 223.0202979825224,
      "p25_perturb": 289.032884977917,
      "p50_perturb": 524.4189912303536,
      "p75_perturb": 1078.7359270250463,
      "p90_perturb": 1372.8572403937756,
      "delta_median": 336.24997714584663,
      "bootstrap_ci_lower": 98.63188238726224,
      "bootstrap_ci_upper": 701.2644735553524,
      "cliffs_delta": -0.6199186991869918,
      "p_value": 3.486349802284028e-05,
      "rank": 4,
      "q_value": 0.0001743174901142014,
      "direction": "increase",
      "abs_cd": 0.6199186991869918
    },
    {
      "feature": "Texture_Variance_DNA_5_02_256",
      "n_control": 41,
      "n_perturb": 24,
      "median_control": 161.45831551584934,
      "median_perturb": 597.1091928570168,
      "mad_control": 76.42063750580155,
      "mad_perturb": 377.52234147855825,
      "p10_control": 65.46054359044683,
      "p25_control": 104.71585104630162,
      "p50_control": 161.45831551584934,
      "p75_control": 285.4728378546988,
      "p90_control": 339.8715749195362,
      "p10_perturb": 174.21404435166232,
      "p25_perturb": 230.16699532225107,
      "p50_perturb": 597.1091928570168,
      "p75_perturb": 973.9789088277544,
      "p90_perturb": 1477.7980094180743,
      "delta_median": 435.6508773411674,
      "bootstrap_ci_lower": 89.43241313086145,
      "bootstrap_ci_upper": 764.9369036804044,
      "cliffs_delta": -0.6016260162601627,
      "p_value": 5.899749261079423e-05,
      "rank": 5,
      "q_value": 0.00023598997044317694,
      "direction": "increase",
      "abs_cd": 0.6016260162601627
    },
    {
      "feature": "Texture_InfoMeas1_DNA_5_02_256",
      "n_control": 41,
      "n_perturb": 24,
      "median_control": -0.2528135323319455,
      "median_perturb": -0.35532496566021643,
      "mad_control": 0.06549985118500962,
      "mad_perturb": 0.09698557163551622,
      "p10_control": -0.3448670250164419,
      "p25_control": -0.303724389052568,
      "p50_control": -0.2528135323319455,
      "p75_control": -0.1678853545913189,
      "p90_control": -0.1476737471711725,
      "p10_perturb": -0.5148314606583874,
      "p25_perturb": -0.45251257910678394,
      "p50_perturb": -0.35532496566021643,
      "p75_perturb": -0.2725299156988161,
      "p90_perturb": -0.24789281372468794,
      "delta_median": -0.10251143332827095,
      "bootstrap_ci_lower": -0.19500080892699,
      "bootstrap_ci_upper": -0.04815711095081424,
      "cliffs_delta": 0.5548780487804879,
      "p_value": 0.0002121075279327544,
      "rank": 6,
      "q_value": 0.0007070250931091814,
      "direction": "decrease",
      "abs_cd": 0.5548780487804879
    },
    {
      "feature": "Number_Object_Number",
      "n_control": 41,
      "n_perturb": 24,
      "median_control": 21.0,
      "median_perturb": 12.5,
      "mad_control": 10.0,
      "mad_perturb": 6.0,
      "p10_control": 5.0,
      "p25_control": 11.0,
      "p50_control": 21.0,
      "p75_control": 31.0,
      "p90_control": 37.0,
      "p10_perturb": 3.3000000000000003,
      "p25_perturb": 6.75,
      "p50_perturb": 12.5,
      "p75_perturb": 18.25,
      "p90_perturb": 21.7,
      "delta_median": -8.5,
      "bootstrap_ci_lower": -16.5125,
      "bootstrap_ci_upper": -1.0,
      "cliffs_delta": 0.4146341463414634,
      "p_value": 0.005658550437868202,
      "rank": 7,
      "q_value": 0.01616728696533772,
      "direction": "decrease",
      "abs_cd": 0.4146341463414634
    },
    {
      "feature": "AreaShape_Solidity",
      "n_control": 41,
      "n_perturb": 24,
      "median_control": 0.9745836985100788,
      "median_perturb": 0.9669655976085525,
      "mad_control": 0.003337692120302327,
      "mad_perturb": 0.010066312285223367,
      "p10_control": 0.960880195599022,
      "p25_control": 0.9703779366700716,
      "p50_control": 0.9745836985100788,
      "p75_control": 0.9775390625,
      "p90_control": 0.9807692307692308,
      "p10_perturb": 0.9432664965366387,
      "p25_perturb": 0.9529427126285117,
      "p50_perturb": 0.9669655976085525,
      "p75_perturb": 0.975323054702051,
      "p90_perturb": 0.978609077124454,
      "delta_median": -0.007618100901526259,
      "bootstrap_ci_lower": -0.016532747119466173,
      "bootstrap_ci_upper": 0.00023343968974452663,
      "cliffs_delta": 0.31910569105691056,
      "p_value": 0.03339243657282914,
      "rank": 8,