{
  "number_of_cells_control": 80,
  "number_of_cells_perturb": 56,
  "records": [
    {
      "feature": "Texture_Correlation_ER_5_02_256",
      "n_control": 80,
      "n_perturb": 56,
      "median_control": 0.6758025568537039,
      "median_perturb": 0.7740938502052102,
      "mad_control": 0.07073555201356857,
      "mad_perturb": 0.045735332068030765,
      "p10_control": 0.5179314531243031,
      "p25_control": 0.5850816681507304,
      "p50_control": 0.6758025568537039,
      "p75_control": 0.7211336275754132,
      "p90_control": 0.7622171778017441,
      "p10_perturb": 0.6860517535938847,
      "p25_perturb": 0.7379159082805903,
      "p50_perturb": 0.7740938502052102,
      "p75_perturb": 0.8197823415016848,
      "p90_perturb": 0.8636824775293721,
      "delta_median": 0.09829129335150621,
      "bootstrap_ci_lower": 0.07933526533249022,
      "bootstrap_ci_upper": 0.15760776299129114,
      "cliffs_delta": -0.6558035714285714,
      "p_value": 8.397776985445542e-11,
      "rank": 1,
      "q_value": 1.2596665478168313e-09,
      "direction": "increase",
      "abs_cd": 0.6558035714285714
    },
    {
      "feature": "Granularity_1_ER",
      "n_control": 80,
      "n_perturb": 56,
      "median_control": 66.24168081729218,
      "median_perturb": 71.92832475839603,
      "mad_control": 4.462886623852114,
      "mad_perturb": 5.592893510341781,
      "p10_control": 57.91479509949688,
      "p25_control": 60.29463220311162,
      "p50_control": 66.24168081729218,
      "p75_control": 69.68041815223587,
      "p90_control": 74.03700407910631,
      "p10_perturb": 65.70492527720862,
      "p25_perturb": 67.89078587244492,
      "p50_perturb": 71.92832475839603,
      "p75_perturb": 79.05630388683232,
      "p90_perturb": 82.52825389606538,
      "delta_median": 5.686643941103853,
      "bootstrap_ci_lower": 3.2619767206040033,
      "bootstrap_ci_upper": 10.26595483555402,
      "cliffs_delta": -0.5370535714285715,
      "p_value": 1.0542286064086574e-07,
      "rank": 2,
      "q_value": 7.90671454806493e-07,
      "direction": "increase",
      "abs_cd": 0.5370535714285715
    },
    {
      "feature": "Neighbors_NumberOfNeighbors_50",
      "n_control": 80,
      "n_perturb": 56,
      "median_control": 10.0,
      "median_perturb": 8.0,
      "mad_control": 2.0,
      "mad_perturb": 2.0,
      "p10_control": 6.9,
      "p25_control": 8.0,
      "p50_control": 10.0,
      "p75_control": 13.0,
      "p90_control": 14.0,
      "p10_perturb": 5.0,
      "p25_perturb": 6.0,
      "p50_perturb": 8.0,
      "p75_perturb": 10.0,
      "p90_perturb": 12.0,
      "delta_median": -2.0,
      "bootstrap_ci_lower": -3.0,
      "bootstrap_ci_upper": -1.0,
      "cliffs_delta": 0.40267857142857144,
      "p_value": 6.172877532071586e-05,
      "rank": 3,
      "q_value": 0.0003086438766035793,
      "direction": "decrease",
      "abs_cd": 0.40267857142857144
    },
    {
      "feature": "Texture_InverseDifferenceMoment_ER_5_02_256",
      "n_control": 80,
      "n_perturb": 56,
      "median_control": 0.14987562910427865,
      "median_perturb": 0.19593366553824026,
      "mad_control": 0.03828023216747845,
      "mad_perturb": 0.05442833337717566,
      "p10_control": 0.08424099473572592,
      "p25_control": 0.11031422145321272,
      "p50_control": 0.14987562910427865,
      "p75_control": 0.17735046880991429,
      "p90_control": 0.20872185473965188,
      "p10_perturb": 0.09907128452943335,
      "p25_perturb": 0.14070864422828946,
      "p50_perturb": 0.19593366553824026,
      "p75_perturb": 0.2467889181126937,
      "p90_perturb": 0.35938138352086435,
      "delta_median": 0.04605803643396161,
      "bootstrap_ci_lower": 0.008037626778422818,
      "bootstrap_ci_upper": 0.08325050623561274,
      "cliffs_delta": -0.3776785714285714,
      "p_value": 0.0001850735903858503,
      "rank": 4,
      "q_value": 0.0006940259639469386,
      "direction": "increase",
      "abs_cd": 0.3776785714285714
    },
    {
      "feature": "Texture_DifferenceEntropy_ER_5_02_256",
      "n_control": 80,
      "n_perturb": 56,
      "median_control": 5.259386542340302,
      "median_perturb": 4.976735349317101,
      "mad_control": 0.3147437427687523,
      "mad_perturb": 0.37395025097395873,
      "p10_control": 4.757781815870402,
      "p25_control": 5.007544794406575,
      "p50_control": 5.259386542340302,
      "p75_control": 5.639212152518408,
      "p90_control": 5.886892906533904,
      "p10_perturb": 3.9648990817074377,
      "p25_perturb": 4.502588175904961,
      "p50_perturb": 4.976735349317101,
      "p75_perturb": 5.306255489818169,
      "p90_perturb": 5.78172906927867,
      "delta_median": -0.2826511930232005,
      "bootstrap_ci_lower": -0.5021245936144253,
      "bootstrap_ci_upper": -0.08906837591356148,
      "cliffs_delta": 0.3535714285714286,
      "p_value": 0.0004656210790517589,
      "rank": 5,
      "q_value": 0.0013968632371552767,
      "direction": "decrease",
      "abs_cd": 0.3535714285714286
    },
    {
      "feature": "Texture_Contrast_ER_5_02_256",
      "n_control": 80,
      "n_perturb": 56,
      "median_control": 711.9032737071435,
      "median_perturb": 545.3341084585763,
      "mad_control": 220.5474917286125,
      "mad_perturb": 142.86793936915632,
      "p10_control": 426.81293560787964,
      "p25_control": 530.100261502871,
      "p50_control": 711.9032737071435,
      "p75_control": 1034.3008166763543,
      "p90_control": 1167.444859650345,
      "p10_perturb": 335.7148321782007,
      "p25_perturb": 430.9309562211981,
      "p50_perturb": 545.3341084585763,
      "p75_perturb": 703.2356774899943,
      "p90_perturb": 1000.9626205480887,
      "delta_median": -166.56916524856717,
      "bootstrap_ci_lower": -296.54858490992814,
      "bootstrap_ci_upper": -46.573137757517934,
      "cliffs_delta": 0.3053571428571429,
      "p_value": 0.0025090632283510887,
      "rank": 6,
      "q_value": 0.006272658070877722,
      "direction": "decrease",
      "abs_cd": 0.3053571428571429
    },
    {
      "feature": "Texture_AngularSecondMoment_ER_5_02_256",
      "n_control": 80,
      "n_perturb": 56,
      "median_control": 0.00582804080699315,
      "median_perturb": 0.009138553628015099,
      "mad_control": 0.0029586656839966996,
      "mad_perturb": 0.006317758877234799,
      "p10_control": 0.00177981612510522,
      "p25_control": 0.003043456573390275,
      "p50_control": 0.00582804080699315,
      "p75_control": 0.008792037737939075,
      "p90_control": 0.015258548582809239,
      "p10_perturb": 0.0021098417250192,
      "p25_perturb": 0.00368023802441095,
      "p50_perturb": 0.009138553628015099,
      "p75_perturb": 0.021290121266605226,
      "p90_perturb": 0.04205314709832115,
      "delta_median": 0.003310512821021949,
      "bootstrap_ci_lower": -0.00029702671323678646,
      "bootstrap_ci_upper": 0.00766537401632714,
      "cliffs_delta": -0.28169642857142857,
      "p_value": 0.005305172462498567,
      "rank": 7,
      "q_value": 0.011368226705354072,
      "direction": "increase",
      "abs_cd": 0.28169642857142857
    },
    {
      "feature": "Texture_DifferenceVariance_ER_5_02_256",
      "n_control": 80,
      "n_perturb": 56,
      "median_control": 0.00030115219952089997,
      "median_perturb": 0.00042735309927725,
      "mad_control": 0.0001294620185265,
      "mad_perturb": 0.00021815162893574998,
      "p10_control": 0.00012871167908840998,
      "p25_control": 0.000190926913310025,
      "p50_control": 0.00030115219952089997,
      "p75_control": 0.000441695854171375,
      "p90_control": 0.00052871609581022,
      "p10_perturb": 0.00011416203798105001,
      "p25_perturb": 0.0002187465482836,
      "p50_perturb": 0.00042735309927725,
      "p75_perturb": 0.0007147064089939,
      "p90_perturb": 0.0010386794811373498,
      "delta_median": 0.00012620089975635002,
      "bootstrap_ci_lower": -1.6761788446574418e-06,
      "bootstrap_ci_upper": 0.00024509817785152747,