{
  "number_of_cells_control": 24,
  "number_of_cells_perturb": 14,
  "records": [
    {
      "feature": "Neighbors_NumberOfNeighbors_50",
      "n_control": 24,
      "n_perturb": 14,
      "median_control": 6.0,
      "median_perturb": 2.0,
      "mad_control": 2.0,
      "mad_perturb": 1.0,
      "p10_control": 3.0,
      "p25_control": 4.0,
      "p50_control": 6.0,
      "p75_control": 9.0,
      "p90_control": 9.7,
      "p10_perturb": 1.0,
      "p25_perturb": 1.0,
      "p50_perturb": 2.0,
      "p75_perturb": 3.0,
      "p90_perturb": 3.0,
      "delta_median": -4.0,
      "bootstrap_ci_lower": -6.0,
      "bootstrap_ci_upper": -2.0,
      "cliffs_delta": 0.8571428571428571,
      "p_value": 1.153696919033323e-05,
      "rank": 1,
      "q_value": 0.00015465268607802398,
      "direction": "decrease",
      "abs_cd": 0.8571428571428571
    },
    {
      "feature": "Texture_DifferenceEntropy_ER_5_02_256",
      "n_control": 24,
      "n_perturb": 14,
      "median_control": 5.368070100596187,
      "median_perturb": 3.4646363003116045,
      "mad_control": 0.3288684328696512,
      "mad_perturb": 0.595388514104709,
      "p10_control": 3.963553815340026,
      "p25_control": 4.997456709352199,
      "p50_control": 5.368070100596187,
      "p75_control": 5.558086387486791,
      "p90_control": 5.974317599010091,
      "p10_perturb": 2.197615516335461,
      "p25_perturb": 2.7942174477378705,
      "p50_perturb": 3.4646363003116045,
      "p75_perturb": 3.84313827402615,
      "p90_perturb": 4.075567828747476,
      "delta_median": -1.9034338002845823,
      "bootstrap_ci_lower": -2.69559375601249,
      "bootstrap_ci_upper": -1.3799232569357085,
      "cliffs_delta": 0.8154761904761905,
      "p_value": 3.6169505109320824e-05,
      "rank": 3,
      "q_value": 0.00015465268607802398,
      "direction": "decrease",
      "abs_cd": 0.8154761904761905
    },
    {
      "feature": "Texture_Contrast_ER_5_02_256",
      "n_control": 24,
      "n_perturb": 14,
      "median_control": 549.3510241814365,
      "median_perturb": 72.52440169241844,
      "mad_control": 244.1137262031304,
      "mad_perturb": 40.60128140277901,
      "p10_control": 148.05463694677627,
      "p25_control": 323.1132600169402,
      "p50_control": 549.3510241814365,
      "p75_control": 780.9964997494343,
      "p90_control": 1058.0372314871884,
      "p10_perturb": 28.430258484046742,
      "p25_perturb": 41.396109068389,
      "p50_perturb": 72.52440169241844,
      "p75_perturb": 138.0015726206089,
      "p90_perturb": 244.11042687900945,
      "delta_median": -476.82662248901806,
      "bootstrap_ci_lower": -613.7164962592644,
      "bootstrap_ci_upper": -269.32509295482555,
      "cliffs_delta": 0.8154761904761905,
      "p_value": 3.6169505109320824e-05,
      "rank": 2,
      "q_value": 0.00015465268607802398,
      "direction": "decrease",
      "abs_cd": 0.8154761904761905
    },
    {
      "feature": "Texture_InverseDifferenceMoment_ER_5_02_256",
      "n_control": 24,
      "n_perturb": 14,
      "median_control": 0.11818994334597945,
      "median_perturb": 0.4323449089059447,
      "mad_control": 0.03866064126232445,
      "mad_perturb": 0.08976121209870755,
      "p10_control": 0.06895076083434028,
      "p25_control": 0.07819295208531746,
      "p50_control": 0.11818994334597945,
      "p75_control": 0.15558630450846966,
      "p90_control": 0.36222214440325456,
      "p10_perturb": 0.3237003391675564,
      "p25_perturb": 0.3762061577723349,
      "p50_perturb": 0.4323449089059447,
      "p75_perturb": 0.552100457676175,
      "p90_perturb": 0.6880543335898275,
      "delta_median": 0.31415496555996525,
      "bootstrap_ci_lower": 0.24357312766327197,
      "bootstrap_ci_upper": 0.43326464883028537,
      "cliffs_delta": -0.8095238095238095,
      "p_value": 4.124071628747306e-05,
      "rank": 4,
      "q_value": 0.00015465268607802398,
      "direction": "increase",
      "abs_cd": 0.8095238095238095
    },
    {
      "feature": "Texture_Entropy_ER_5_02_256",
      "n_control": 24,
      "n_perturb": 14,
      "median_control": 10.79607605516912,
      "median_perturb": 6.4155569516201325,
      "mad_control": 0.676060793932745,
      "mad_perturb": 1.1645736291108766,
      "p10_control": 7.325474931687928,
      "p25_control": 10.218755089204544,
      "p50_control": 10.79607605516912,
      "p75_control": 11.453877463061836,
      "p90_control": 11.618626843669281,
      "p10_perturb": 3.728932317949841,
      "p25_perturb": 5.5130249491924275,
      "p50_perturb": 6.4155569516201325,
      "p75_perturb": 7.601464031573794,
      "p90_perturb": 8.788828509144821,
      "delta_median": -4.380519103548988,
      "bootstrap_ci_lower": -5.416608080356884,
      "bootstrap_ci_upper": -2.9226202012897926,
      "cliffs_delta": 0.7976190476190477,
      "p_value": 5.347541434017609e-05,
      "rank": 5,
      "q_value": 0.00016042624302052826,
      "direction": "decrease",
      "abs_cd": 0.7976190476190477
    },
    {
      "feature": "Texture_AngularSecondMoment_ER_5_02_256",
      "n_control": 24,
      "n_perturb": 14,
      "median_control": 0.0010871112694474999,
      "median_perturb": 0.06995301237623236,
      "mad_control": 0.0006287482954538499,
      "mad_perturb": 0.03730753647646386,
      "p10_control": 0.00051948849800008,
      "p25_control": 0.000647939371689275,
      "p50_control": 0.0010871112694474999,
      "p75_control": 0.0022900574733762,
      "p90_control": 0.05567478096841439,
      "p10_perturb": 0.01861302693916663,
      "p25_perturb": 0.037112948104591675,
      "p50_perturb": 0.06995301237623236,
      "p75_perturb": 0.10978436530004877,
      "p90_perturb": 0.2908727854021216,
      "delta_median": 0.06886590110678487,
      "bootstrap_ci_lower": 0.03618800007608183,
      "bootstrap_ci_upper": 0.10602181379458879,
      "cliffs_delta": -0.7857142857142857,
      "p_value": 6.909783274829136e-05,
      "rank": 6,
      "q_value": 0.00017274458187072842,
      "direction": "increase",
      "abs_cd": 0.7857142857142857
    },
    {
      "feature": "Texture_Variance_ER_5_02_256",
      "n_control": 24,
      "n_perturb": 14,
      "median_control": 1368.945292234176,
      "median_perturb": 250.3634626742612,
      "mad_control": 431.3551826509364,
      "mad_perturb": 189.48443879931978,
      "p10_control": 590.9588059023354,
      "p25_control": 928.4026058898348,
      "p50_control": 1368.945292234176,
      "p75_control": 1798.6690374833925,
      "p90_control": 1928.655430806455,
      "p10_perturb": 77.76188334786116,
      "p25_perturb": 144.65791610428982,
      "p50_perturb": 250.3634626742612,
      "p75_perturb": 669.0854245597923,
      "p90_perturb": 1141.1433223520562,
      "delta_median": -1118.5818295599147,
      "bootstrap_ci_lower": -1405.6498522937675,
      "bootstrap_ci_upper": -564.3910309061303,
      "cliffs_delta": 0.7023809523809523,
      "p_value": 0.00037695718893916854,
      "rank": 7,
      "q_value": 0.0008077654048696468,
      "direction": "decrease",
      "abs_cd": 0.7023809523809523
    },
    {
      "feature": "Texture_SumVariance_ER_5_02_256",
      "n_control": 24,
      "n_perturb": 14,
      "median_control": 4920.565423431928,
      "median_perturb": 965.5089244411316,
      "mad_control": 1483.2067668265547,
      "mad_perturb": 746.0581023633082,
      "p10_control": 2157.344371883057,
      "p25_control": 3291.7568954276867,
      "p50_control": 4920.565423431928,
      "p75_control": 5946.669016971436,
      "p90_control": 6732.9877165934095,
      "p10_perturb": 251.05580373789226,
      "p25_perturb": 528.8181658162142,
      "p50_perturb": 965.5089244411316,
      "p75_perturb": 2429.567894098145,
      "p90_perturb": 4383.853935453728,
      "delta_median": -3955.0564989907966,
      "bootstrap_ci_lower": -4969.285207938607,
      "bootstrap_ci_upper": -1990.262917762539,
      "cliffs_delta": 0.6726190476190477,
      "p_value": 0.0006630839174502213,